"relative_path","bytes","sha256","asset_role"
"01_知识博主/配图/01_清晰讲解_1600x900.png","1505357","FE2A461F5F222AD9D9990794FFDF81D84E50AEBEB58CD7E9ED8D67DF008756E1","companion_visual"
"01_知识博主/配图/02_学术可信_1600x900.png","2127224","2B980A70AA3E194BF45C20869BAED6977B66E1F99FB2C4AD4F7ADEBDFFC45D30","companion_visual"
"01_知识博主/配图/03_通俗科普_1600x900.png","1585823","EE30230428E429D367BB3B39AE9C403AE50F0DCFA5EF88AE99538FAF75A7F075","companion_visual"
"01_知识博主/配图/04_数据分析_1600x900.png","1895420","25B983BAB4A478C5FA2F38350DCF033FF38ED4ED076DEDB79A4DA6F93D9E9E98","companion_visual"
"01_知识博主/配图/05_人文阅读_1600x900.png","1989019","7FA71ED5908A8821C3FA8D5EC52368378378BBE9C5A532FB076BFAFAB861B2D1","companion_visual"
"01_知识博主/配图/06_课程教学_1600x900.png","2137269","4541301B81560ECD5ACAB7C520163D49D4040BE9802E9792A246363520781928","companion_visual"
"01_知识博主/配图/07_科技知识_1600x900.png","1779714","73F547EA1E3B6A92AB64A36DE75AC54DEC5D20B6524809C2E2904AD175986036","companion_visual"
"01_知识博主/配图/08_职场知识_1600x900.png","1911153","448592AFCD9A652F0A3E7136752774A4476DDE1BC6388E5304758C171B89D5BE","companion_visual"
"01_知识博主/配图/09_心理与认知_1600x900.png","1762148","B8FCCF9B231EE78FFEB8BDEF17EDA26434A462C07776D151764F8F151EE2CB35","companion_visual"
"01_知识博主/配图/10_知识评论_1600x900.png","2070020","50A34E9B388D008D67EECCF134A15B3B9466896AE5B5313A24CD0D3376940CF3","companion_visual"
"01_知识博主/知识博主短视频配色方案_完整版_参考版式.docx","54685","BE88F99ADBA6B5432328CBBCDDC703C22FC50D7D544568E6F3D53018C02F1911","handbook"
"02_职场商业博主/配图/01_冷静决策蓝图_1600x900.png","1665290","7CAB27669F090E08E2552F0287CD3B3BFE1E661947E73002FD02B77BE71A00B6","companion_visual"
"02_职场商业博主/配图/02_石墨汇报室_1600x900.png","1800853","AAA554D2CD652C49CD0465CB71B42824D8305307D3BB64670A6F50F04B3C5E3A","companion_visual"
"02_职场商业博主/配图/03_松柏领导力_1600x900.png","1686144","FA1846E413ADAF2648CDAEB634664C61BF2E5D694721CD40D13B59E2A2662A2F","companion_visual"
"02_职场商业博主/配图/04_玻璃白板_1600x900.png","1409888","7D3080B5184F43109EF06B23EDC1D2F4785D3634A9F5CC4A0D5A00C232B9BC59","companion_visual"
"02_职场商业博主/配图/05_暖灰谈判桌_1600x900.png","1767522","66CD250EC3742F2C40CF93CD5D7BA9FD50E5582312E9BA96B9E886129D529595","companion_visual"
"02_职场商业博主/配图/06_琥珀创业夜航_1600x900.png","1651621","FB41BF869E879BFBB9AB55703B539CA886947B8C5877DEC1F323BDF2D3ACDD4D","companion_visual"
"02_职场商业博主/配图/07_薄荷效率台_1600x900.png","1890620","9BA63AEBD0C6937A0E66C5C3E9A5C5C69929C0001CBDC2846EF3A44D12B782FE","companion_visual"
"02_职场商业博主/配图/08_赭石增长墙_1600x900.png","1909380","BC9134AE0CD6FB8FC1E420393E37B30211F94D41E592B64D454735971734A439","companion_visual"
"02_职场商业博主/配图/09_银白组织实验室_1600x900.png","1601747","572428D9DB93FAAC6E59A9E6C9B9E8209D94F0A25CF5898848B5D9F5FCF3FE7F","companion_visual"
"02_职场商业博主/配图/10_深棕复盘书房_1600x900.png","1740626","447B8F27DD80BD6F91952C6BCD21AE40D5D6296C5B6F5FCC817352D50ED8D5F1","companion_visual"
"02_职场商业博主/职场商业博主短视频配色方案_完整版_参考版式.docx","55116","3CD21733E7342C898EC29441ED230BCC7451116F66E529FD6C3FFC32684B1673","handbook"
"03_财经博主/财经博主短视频配色方案_完整版_参考版式.docx","55172","0F8C6E5013338ADA53B6C09AF97AB7449D7DA7D4C8CF5E5DDB745AA40F973290","handbook"
"03_财经博主/配图/01_晨报蓝线_1600x900.png","3087753","181CFCDE3F9806F77FB4F333439A5E34CC7E1B57DEAF1AA752C194DE42769E37","companion_visual"
"03_财经博主/配图/02_量化石墨_1600x900.png","2287873","2691FD22C4393F92558A7DED02C554E592ABD367FCA5D146765D653A4AC9CAEF","companion_visual"
"03_财经博主/配图/03_长期松柏_1600x900.png","3220771","A742216269B311B9083DA9D61B4B67AE7A97A619A122E226C74EE4FE94CD15D5","companion_visual"
"03_财经博主/配图/04_风险边界_1600x900.png","2348208","CAC11D2F965A02474F52CCB9017FFD5EC27C2FEB1A7A1AC70A0E3A5AE9223C4D","companion_visual"
"03_财经博主/配图/05_家用暖灰_1600x900.png","3387976","095777EAC74C07240601D1D2223AC12B98660CF65F1F9499A45CDA9FD59D1587","companion_visual"
"03_财经博主/配图/06_未来电路_1600x900.png","3389752","193C888D62390994BB8BE67CC87BD3DD2906C420C545CE0989C3DEEF2E94BC06","companion_visual"
"03_财经博主/配图/07_保单纸本_1600x900.png","3253556","7B980B2D276FD583A6D2A994EBB97ED306C1184816E93AB0DDFD4FD6911C6B06","companion_visual"
"03_财经博主/配图/08_新闻冷静场_1600x900.png","2525008","CF935ABED8348269CCAD1BC43777874CA6452ED43A24DF13D981BED401128F68","companion_visual"
"03_财经博主/配图/09_分散彩窗_1600x900.png","2706371","28526BD013178F33D7FB409F941CCC02AD535D94B3DDBF2807FBAAD73051E15D","companion_visual"
"03_财经博主/配图/10_夜盘微光_1600x900.png","2754701","BAA3F214474CA07FB8B4B5FAAD226DD155EE4BE5F8CCB248F57EFD4C0B84B8DB","companion_visual"
"04_测评博主/测评博主短视频配色方案_完整版_参考版式.docx","54106","611265EB13B77B00CDFE3CC0E852C9C7D7E3618375F7C5FCA87C1EE3888E8A36","handbook"
"04_测评博主/配图/01_冷静参数台_1600x900.png","1775559","4237A540E6BD693E55310249D6B2DBE5D4BEE438E43BEF8B6C80EB00496FA7DC","companion_visual"
"04_测评博主/配图/02_家电实验室_1600x900.png","1701606","922BAD5171A2BCC1B657B43752AC9F4E097D5689DCDD66FF7CF54224D7D37475","companion_visual"
"04_测评博主/配图/03_肤感实验室_1600x900.png","1877400","390845FB832C1BBE916BE89A14156980487CD0AD0791EDDD84D30FEA57975444","companion_visual"
"04_测评博主/配图/04_味觉证据桌_1600x900.png","1948150","52D29BAC0391E33D399213CED1F218C6AB5A36A52DAAC3ABD82848BF6FAED596","companion_visual"
"04_测评博主/配图/05_户外实测风_1600x900.png","2464699","A44C7E2F43340C3440B8E34FCF060EBE48BDA6D6761F3666C3CD4F0E780E567B","companion_visual"
"04_测评博主/配图/06_汽车用品车库_1600x900.png","2309733","C91372B6C2049C38B862C0508C22E26F265B5F8B3A5B64E46B146A435B3C4B4C","companion_visual"
"04_测评博主/配图/07_性价比对照板_1600x900.png","1514270","77FF539C4910348534680D693F6B2F50DD884420F0E6E1CEF538A3514166EB1E","companion_visual"
"04_测评博主/配图/08_旗舰鉴赏台_1600x900.png","1294321","2070041122F253559441458DE42C58E14CC844E3E175A37E5802BEE4ADC3EB78","companion_visual"
"04_测评博主/配图/09_续航耐用计时器_1600x900.png","1649943","C468911E6F123ED30121F6E60547F34F6085FB4781A69ADEBB47C2FF4B59A49A","companion_visual"
"04_测评博主/配图/10_结论发布台_1600x900.png","1689609","5DBAA6C6DA2C3F0BA13D7152A68FDD287138AC129F1ECEE2711E88035FF8EB45","companion_visual"
"05_探店博主/配图/01_清晨咖啡窗光_1600x900.png","2171132","208DBBBEAC1E070AE2299C55711AD31DBB15DF3382B490BFE6296A3A0B51A7CB","companion_visual"
"05_探店博主/配图/02_街角烟火_1600x900.png","2088199","5D1E0F64FE98CD1B369CFC5291EED9397C0F9BD0550C77E5852AC8A4452C05E3","companion_visual"
"05_探店博主/配图/03_甜品玻璃柜_1600x900.png","1931275","CB5EDC3C38D0C84F91207C8DBD78DEA94B2BE2D387E0D37517D8CC32212363FA","companion_visual"
"05_探店博主/配图/04_夜市霓虹克制版_1600x900.png","1795911","9F25A24ABD6B48049314A2F094C987661821986D917F546B2169DB63848A144A","companion_visual"
"05_探店博主/配图/05_地方风物_1600x900.png","2203669","87CDB47A6554C5D3D77A9873F98239B30D631ACB85A84FE289E5C3508DF2F530","companion_visual"
"05_探店博主/配图/06_高端餐桌_1600x900.png","1869271","683AF01BDF05141C03301475668428F3C3CC7F8684EE1257E87C422834AF31CE","companion_visual"
"05_探店博主/配图/07_酒店慢旅_1600x900.png","1806354","F62A76C2EAB19C1C562BE0E818CC12BB4BC7DE3DE9A62BF0768F648F77AF5AF5","companion_visual"
"05_探店博主/配图/08_海风清爽_1600x900.png","2235616","69B402A3E174670A396984F7F17C52B951753223AB2815F365A895B5AAFCF3B8","companion_visual"
"05_探店博主/配图/09_社区夜宵_1600x900.png","2026411","A026BC500D3AD72FE7C0C9F89F487ADE4201E6D6B87FCCAEBE673A1C17A0B735","companion_visual"
"05_探店博主/配图/10_城市综合生活_1600x900.png","2015580","E7FF966F251E06B2E769F6562FEACBFA229141B27F1BCBCC5896CADB38A8CE73","companion_visual"
"05_探店博主/探店博主短视频配色方案_完整版_参考版式.docx","55396","6E80A2EAB87E68FE18FC654802CC3B541C740E87B5664B29834321C6879C1FF2","handbook"
"06_生活方式博主/配图/01_极简居家_1600x900.png","2973354","BA3FF949A5E55CDC95B836C3BE1AE19D1FD6D048244B235D0BB47CE949B3720B","companion_visual"
"06_生活方式博主/配图/02_温暖日常_1600x900.png","3381276","E22CA0939A43C7BD3D94027FABB4394CEE7EEA9787CDC1D159C30FC58368454E","companion_visual"
"06_生活方式博主/配图/03_城市通勤_1600x900.png","3118778","420C6C1AA9BEF5F8211F713EEB32554962A3F2CB56A590979058A23EEFF58B6F","companion_visual"
"06_生活方式博主/配图/04_慢生活_1600x900.png","3669943","82EAEA796CE9D0DA812D8E8E968E56DE041616BB2EEE10D8FA3A6A69B49CB2EE","companion_visual"
"06_生活方式博主/配图/05_整理收纳_1600x900.png","3110318","4D1581C99AE875892CF5A833EA18E4948D020700042419E4462517E52CEEC5B3","companion_visual"
"06_生活方式博主/配图/06_季节氛围_1600x900.png","3505749","FA83FB2E7B524CB31C1039B8F5A8265D9A27EC0871D9E91010621B6994CD8F03","companion_visual"
"06_生活方式博主/配图/07_家居审美_1600x900.png","3023461","A9E9DA3DD73328005F226C2E3FCDA0BE677014B6CC250DEAE87A36F6F3FADF0D","companion_visual"
"06_生活方式博主/配图/08_独处疗愈_1600x900.png","3010893","DEDA65DC12A13CE40596E26E6454AA1089640678957620A030CBA4970C270033","companion_visual"
"06_生活方式博主/配图/09_旅行日记_1600x900.png","3075138","4D8B4550B92EC55C0FFEB1A47AD3D4689966742F47EDF19ADBFD6A3D291F297E","companion_visual"
"06_生活方式博主/配图/10_精致轻奢_1600x900.png","3117940","0A6A3B4DAC4A60049F55B173BE92BBF324CF76A665D0E6FBE1D77B6293DCCFCC","companion_visual"
"06_生活方式博主/生活方式博主短视频配色方案_完整版_参考版式.docx","55281","5B98D167871A4DE5097145FBD59B3BEFD0FEF2DF7254B723290585D95B5B03C1","handbook"
"07_情感心理博主/配图/01_情绪识别_1600x900.png","3034223","48BF361EC34002BEF712655DFC0C952B387A277A770627F59F71BA6F79C0EB23","companion_visual"
"07_情感心理博主/配图/02_关系沟通_1600x900.png","2897225","D8F5A51C63417D39C32EF595102DC2FAC3D8D3EB26E79E344835470ADF372D16","companion_visual"
"07_情感心理博主/配图/03_自我成长_1600x900.png","3105675","18B3CA11E008546E20004B64C876C7CDCA19CE508A0F8ED3FBA1928E02028455","companion_visual"
"07_情感心理博主/配图/04_心理科普_1600x900.png","2579191","25D7A56F1CEBDBE1FCDC3F75819F21084CAFBFB27EF18499EAE1F43E1AACC8D0","companion_visual"
"07_情感心理博主/配图/05_深夜陪伴_1600x900.png","2860926","EC7149DC960B6C8DF2E3FA7143FDACE3CAC83E04A140EC3A93DD619B0D2987E5","companion_visual"
"07_情感心理博主/配图/06_边界建立_1600x900.png","2667096","E32E467D14CFE09C888B38F16AE08DE0788A2043A011B1D66980F48EA89913F9","companion_visual"
"07_情感心理博主/配图/07_亲密关系_1600x900.png","3319059","DACBF874066535C490A57CD2860B6D92CDFDE53F2403A8EC935CBFF2480FAF11","companion_visual"
"07_情感心理博主/配图/08_家庭关系_1600x900.png","3327102","8AF7411F9CD7FBB82C611CDE78740906F322BAD3B32FD61D48758F9386DBEEB8","companion_visual"
"07_情感心理博主/配图/09_职场情绪_1600x900.png","3237266","3D213BE03E90C455B0E3B6265349F3BBFDE2E2BB2F28F86CC99FD7DCD15549B2","companion_visual"
"07_情感心理博主/配图/10_危机与求助边界_1600x900.png","2798974","169AE94D1F1B12C7C7E5F0FB95B24E0F6A53AAB708B94A581EDB85E851708ED9","companion_visual"
"07_情感心理博主/情感心理博主短视频配色方案_完整版_参考版式.docx","55484","69AF6D8E434E9BA9AF346DF7CB319AD1ED90F15E0400DDE114ADB6CC113352B0","handbook"
"08_健身博主/健身博主短视频配色方案_完整版_参考版式.docx","55278","872DD70084A7A026155110C104E4124DE50A168505C88872324FDCB064666D87","handbook"
"08_健身博主/配图/01_力量训练_1600x900.png","2780238","E0533547305E99C44DDBA9D18B7BB648CF3D7EE85FAADAC4E25925812B358BBC","companion_visual"
"08_健身博主/配图/02_有氧燃脂_1600x900.png","2688583","1A80003D6E6F171A105854A3C44301B9175F6BEAF2A4A95A0BEB2D794CED5AD9","companion_visual"
"08_健身博主/配图/03_瑜伽拉伸_1600x900.png","3052554","225004C5DD1171199BD5F349A3D558B6F229E8CFF50741202A84775E44867A08","companion_visual"
"08_健身博主/配图/04_户外运动_1600x900.png","3778321","405AB6F531EA9094F000567F892B78B0290EE7603C2C79C826516DE36177D699","companion_visual"
"08_健身博主/配图/05_训练计划_1600x900.png","2961892","D18C23E9F0BDE49687FB38FBA4332CACC9911F2B9DCFF370C243A8FE39FE88B7","companion_visual"
"08_健身博主/配图/06_动作教学_1600x900.png","2652278","0D5A4D49FD2AC495B9E48CDD0543DBC67B4AF1E7E1DAA21481331484455873C2","companion_visual"
"08_健身博主/配图/07_恢复放松_1600x900.png","3313561","A9E9C3E2AE236C213189A341832F87F627D393D98E25EB2561DE79AB980AF416","companion_visual"
"08_健身博主/配图/08_运动营养_1600x900.png","3616296","E24F31E4D9DDFC5BC7DD13A1BA06D772DEC6993B4A3B3191EF6E6EC2BDC178AD","companion_visual"
"08_健身博主/配图/09_初学入门_1600x900.png","2960126","6F8832BA504EA90AD40E82142752A641E47A8DC197EF9D65FF301AD5D4D4E729","companion_visual"
"08_健身博主/配图/10_专业体能_1600x900.png","3157361","30F78B913DD413BC009B619165A7D12F1E13AF9DD6FC2FCAE80FA8AF9828FA08","companion_visual"
"09_摄影设计博主/配图/01_摄影基础_1600x900.png","2709601","99665A6E41C0397E5B3D47C5DFC3F8D132CEE958FFCA83138AAFE964562C1BB2","companion_visual"
"09_摄影设计博主/配图/02_器材测评_1600x900.png","2785955","360540E4FA7C68BF17083E30BDC9BB074C4223943B0298F7470833B04812D19D","companion_visual"
"09_摄影设计博主/配图/03_布光教学_1600x900.png","2962428","A0A888B50E43FD26CA77E938DDC3836ABE2BB3B9A03BD67FAFB1D76DAA84E240","companion_visual"
"09_摄影设计博主/配图/04_构图解析_1600x900.png","2450356","9C55494631C2704EA2BD9A2AC45A7B8C95DA6E282BA91C0C58E7CD12AAFA4658","companion_visual"
"09_摄影设计博主/配图/05_调色后期_1600x900.png","2352496","71CAEF4EB1C939C45B649BB71940D80C9A72C12D8E4970CF0AE7EE6C049E7482","companion_visual"
"09_摄影设计博主/配图/06_产品摄影_1600x900.png","2466100","04F09CCFE71AB78EAFD280ED7BB1BDC5F1A62564E336E635DBA734074EA6B74B","companion_visual"
"09_摄影设计博主/配图/07_建筑空间_1600x900.png","3191439","28D1133F39F2859DBBF0E52C8281EA6FB6F67B7F013FA8D78498342597019016","companion_visual"
"09_摄影设计博主/配图/08_平面设计_1600x900.png","2928664","9F440D4D2287BCF02EE1F29BA27237A6C57E87F650BF3CA93561311FFFB1FB18","companion_visual"
"09_摄影设计博主/配图/09_品牌视觉_1600x900.png","2842968","4B8CB8620FE65031BF1D55FD26D5D6FE7911D18249F12D8EFDC4E6D831127B06","companion_visual"
"09_摄影设计博主/配图/10_创意实验_1600x900.png","2266431","C1023D8F8E1269BD701646A19483C58DC66AE3275D5E6E71F19E481747297709","companion_visual"
"09_摄影设计博主/摄影设计博主短视频配色方案_完整版_参考版式.docx","55017","64CB1C5C691CA7D56B6656B05343C63707BAB95CEA73B6E25AE3B00480C63B98","handbook"
"10_剧情叙事类账号/剧情叙事类账号短视频配色方案_完整版_参考版式.docx","55177","1AF0D43DD6F2FA6B3ABE4C7EDA379038D08FC688CC3B19A254AF7481C191C616","handbook"
"10_剧情叙事类账号/配图/01_现实主义_1600x900.png","1816825","59DEC0AB065D81C82A67BFA63C53321D7D6C0A78ACB5706D0A3863C912548637","companion_visual"
"10_剧情叙事类账号/配图/02_悬疑暗线_1600x900.png","1848380","D6110AE4B1779D6CDF020AA9A9657FDA67227F95D7FE498709F6C255E9283B99","companion_visual"
"10_剧情叙事类账号/配图/03_都市夜行_1600x900.png","1820962","FEDAE29F12EE0EE4E7EAA51D1D8FB35A68EF1A6F6E06092216EB3A8B0AE5E2A5","companion_visual"
"10_剧情叙事类账号/配图/04_青春成长_1600x900.png","1718622","5CB654F287E14E9446D5535AAFB46B5F026920AA6174BF7834E070BA716164B7","companion_visual"
"10_剧情叙事类账号/配图/05_家庭关系_1600x900.png","1791702","CDA1465B14E3D233C09713F6B29CEC2CBF19C068D674B4C4FE2189FB9A8CBB40","companion_visual"
"10_剧情叙事类账号/配图/06_轻喜剧_1600x900.png","1746994","474FD81A339A7EEC13570305DB774B47A3814E59AA5ECAF3E52AB05DFD0C0396","companion_visual"
"10_剧情叙事类账号/配图/07_治愈留白_1600x900.png","1848557","7B23477F83A6FFEB6EF65E17B57E0F6D499807FBCEB63D8B76741A21691A5191","companion_visual"
"10_剧情叙事类账号/配图/08_年代回声_1600x900.png","2142936","44E2D210BA4F5EDBF145A1BD48F4BA3BBE8129333B8180BC14766888FAE8B558","companion_visual"
"10_剧情叙事类账号/配图/09_黑色电影_1600x900.png","1762752","3BA5EA9E9D1001AD571462883A7E7174F69FEE9C545DE084A8A396A3E68F2F9D","companion_visual"
"10_剧情叙事类账号/配图/10_近未来_1600x900.png","1807244","D0E9A12A98338D5B6D7B3D103D66CF124BEEE793E2DC371B48E5674FE0F93322","companion_visual"
"11_品牌宣传/配图/01_品牌基因_1600x900.png","1903323","572825179A7176BCD7511F5430BC993F836115632E306DF7B9951708DE22A414","companion_visual"
"11_品牌宣传/配图/02_品牌故事_1600x900.png","1985413","2F5EABA038BEC0B8BC02A04977F52AE12699856BCBFE56B5288623B3B3AA1DAC","companion_visual"
"11_品牌宣传/配图/03_价值主张_1600x900.png","1729511","9CD1B7451B154A96586B229FA7FE34A3BBFA278A7A16187BBAD5ED0903D6C2A0","companion_visual"
"11_品牌宣传/配图/04_品牌形象_1600x900.png","1595710","A5F2BB3DC6A94F674358D0B7B8B48656457CC330D85213EA9EA8C86B2991C039","companion_visual"
"11_品牌宣传/配图/05_社会责任_1600x900.png","2200179","E1BAC3AA44631A50E3515FA3977C7C5A4A711B4767AF4F1825165EBEDB312E68","companion_visual"
"11_品牌宣传/配图/06_文化态度_1600x900.png","2209684","D811A6DEDFF4311E7D156E07D73E52D75F9339BA4FEA9CE1DE106472325C889E","companion_visual"
"11_品牌宣传/配图/07_品牌纪录_1600x900.png","2094958","16383303FDE01B70333A1CB3402429157F94D2FDA851BEB5962C6905CBF243F2","companion_visual"
"11_品牌宣传/配图/08_门店空间_1600x900.png","1848963","2056BF2C43E78457B55A66138798943F97855246200728EDB6990788A0EDF42A","companion_visual"
"11_品牌宣传/配图/09_品牌焕新_1600x900.png","1899087","9CAA79F3839F5E9D6D9D678AAB5430CDD1634162207B82BD348071DF177FA9D9","companion_visual"
"11_品牌宣传/配图/10_年度回顾_1600x900.png","1971515","D5FDFB137C559E4E7068BF7C3A2E4D5AE977CC0FE7B27B79E6C2424551FB5BD1","companion_visual"
"11_品牌宣传/品牌宣传短视频配色方案_完整版_参考版式.docx","54682","346D39952850ADC2D8483E8AAA9CB6CDB4BB342D1A31EFA3A0FFDE5ECC06C989","handbook"
"12_产品发布/产品发布短视频配色方案_完整版_参考版式.docx","55440","1E42D2F4621B22387F54B35B001873CAED927A23A7F06AD5886BA963ADB1726D","handbook"
"12_产品发布/配图/01_预热悬念_1600x900.png","1783875","AFCE7DCF7D0EAD67C8BA1DC142BB12311754A645F0517CBBB8BD5C3EB39DCC55","companion_visual"
"12_产品发布/配图/02_核心亮相_1600x900.png","1526224","DE6D0E3DA9E77D92672A48DEFB55B741186D3797F6E362324AEA76191FE78F8F","companion_visual"
"12_产品发布/配图/03_功能拆解_1600x900.png","1705285","B0311608C1DA14886337339044C6655E4A144545FE72FBF051EEA4C9DB47C9E9","companion_visual"
"12_产品发布/配图/04_材质工艺_1600x900.png","2162000","3B8046B39CED09E02DF6175D60C451ABF1ECD4BF9D5DB6E4A46C0223D62357B7","companion_visual"
"12_产品发布/配图/05_性能证据_1600x900.png","1777344","DBBA34BDB16C917E567FB9A43A157C8A0DEAADE36494DF92D6099180DBF16401","companion_visual"
"12_产品发布/配图/06_设计语言_1600x900.png","1914792","C9FDDC1B63A971C23B6CD6BC1CA9E0576644EE7B183975D8D16E22EF61CB9881","companion_visual"
"12_产品发布/配图/07_场景适配_1600x900.png","2074933","BD3D48F69487C9E0DF50D426098EEB450033DB4CF39409E4FDEE104EA5A36CEB","companion_visual"
"12_产品发布/配图/08_版本矩阵_1600x900.png","1712527","C66B1B270A96912FBD95B55F64BE450C43A436DCF2FFBD6F024361F3CAA92757","companion_visual"
"12_产品发布/配图/09_权益发布_1600x900.png","1915053","C6FD01C9AA1900CD3AD6F7552C8EA03C96CD61DC3D65C3C8C36CBA0FBF693C83","companion_visual"
"12_产品发布/配图/10_发布收束_1600x900.png","1846909","E859C6442486E688DA5A0EE5AA14357206C3528B2ADCDB271610B208E8162F12","companion_visual"
"13_直播间与直播切片/配图/01_知识直播_1600x900.png","1712371","9DDACAECAB005DC3BA72759E53E3786A7EAB673264B47088B0B51C354787747C","companion_visual"
"13_直播间与直播切片/配图/02_带货直播_1600x900.png","1628551","042F0842F0D8BE0B85C80F2EA6F10D227606EC29F02C5C59E50F9680C017EB05","companion_visual"
"13_直播间与直播切片/配图/03_访谈直播_1600x900.png","1931092","98E66AC9680E87DF6959654898EEF1D38D3D88446A1934DDD25EBB2CADBA8C86","companion_visual"
"13_直播间与直播切片/配图/04_游戏直播_1600x900.png","1631362","AB7EAB383E3082A0CB4D45FB161C03E9C83F7E6F6DD39F3709F6390F3EB76D9A","companion_visual"
"13_直播间与直播切片/配图/05_才艺直播_1600x900.png","1829769","2857551ED56CF5D7AA8147B4DDCC0CC443402CEDEA9B3C97B9A57E014D77E4BD","companion_visual"
"13_直播间与直播切片/配图/06_情感陪伴_1600x900.png","1811603","578B164217689500938D5BDD3645864F512A7C7614A279ED71AFC4744A3B960D","companion_visual"
"13_直播间与直播切片/配图/07_促销节点_1600x900.png","1870858","BA7D237F43E4BFE7B853A33FCBA0601C667B2F1208A5DA26E96B79F7BB6B2A7C","companion_visual"
"13_直播间与直播切片/配图/08_产品演示_1600x900.png","1671702","2A1C96890D7324C1F68AFC890F4FD7F2E8A3BF28301F11505C1CAF812E60DC33","companion_visual"
"13_直播间与直播切片/配图/09_切片重点_1600x900.png","1705729","070AAA12887351CBF0EFF693AFC318E20EEE02248C593E49BB1AD0E97834E90D","companion_visual"
"13_直播间与直播切片/配图/10_深夜直播_1600x900.png","1537893","2F11D0E8C0AE950634147A389A39B9C75EA0401B457DB0A011A1F8C0BE0CCBD7","companion_visual"
"13_直播间与直播切片/直播间与直播切片短视频配色方案_完整版_参考版式.docx","55089","08BE469700CAC0C8DD5D1CE90E4ADB1733A97F150C0B35F84BA72F674A008C6C","handbook"
"14_促销投流/促销投流短视频配色方案_完整版_参考版式.docx","55299","0C532F99A24D6908559C1054DA201A8E83435323522D62D01C4879B107EB0571","handbook"
"14_促销投流/配图/01_稳健转化_1600x900.png","2545323","2007AE708AC1E478A7F6C4A01805BD57F2516D5EDF7F39C7CE3B5B60FF5B7C32","companion_visual"
"14_促销投流/配图/02_限时促销_1600x900.png","2703601","5D7CC4DA03E8076273896807A7ED03052E2D7371D980F7944BE884334123A381","companion_visual"
"14_促销投流/配图/03_新客首单_1600x900.png","2755002","C121F398AEADE6A5D2733B7FDE59E8BF82F0CB83601A0E6AE78E29C5803745BC","companion_visual"
"14_促销投流/配图/04_组合套装_1600x900.png","2689097","9FC00560531DF461DE9D3C5377BA8A096C43B0C1421C813B4EDCC969B1ACDE59","companion_visual"
"14_促销投流/配图/05_节日大促_1600x900.png","3086628","A6D9889DB4B889A45D957908CFFF386CCDB9D4D312164D67FCA68A5028F2B5F1","companion_visual"
"14_促销投流/配图/06_清仓尾货_1600x900.png","2708289","2143FA5E10DCA944B3F908E2D92FC62BFA528A67D76F4B0C6BDB0C6028FB7F19","companion_visual"
"14_促销投流/配图/07_会员权益_1600x900.png","2597090","E995D6E29551508F005052775A43DF5F71E33625B82CF3D2FC81C9A236684AF7","companion_visual"
"14_促销投流/配图/08_高客单_1600x900.png","2822997","19D31A47D6C85E5C98B1976A9FA715AAC46FE11DF23505F3CA7CD712228A7EB8","companion_visual"
"14_促销投流/配图/09_线索收集_1600x900.png","2117870","2FD0DA1693E3696533515ABE9B66AF0BF649E72452781578CA2ED334B1D6063F","companion_visual"
"14_促销投流/配图/10_召回复购_1600x900.png","3382928","20340B164D2E51799E22E159EE3FD7EF52BAECA65A93D031C219D7E6CFA2AAC3","companion_visual"
"15_企业宣传/配图/01_企业概览_1600x900.png","3051456","A1CC0FC4B72C2F85106BA6446662EB01F6FABE2329015FB3CFE5F220F6C85263","companion_visual"
"15_企业宣传/配图/02_制造实力_1600x900.png","3166095","B0078D67A0C32B1B69B74681BD3008B5FB4C91A0A6ADEC032E61521A88BEBB96","companion_visual"
"15_企业宣传/配图/03_研发创新_1600x900.png","3080648","194599A940EEEC26CCC39754FE63140F66A04DCDC3B27AD2E5C691B4A22B9E25","companion_visual"
"15_企业宣传/配图/04_团队文化_1600x900.png","3140917","4007BF61DE8DC7753D9AA322CA82F7264C761CFA2BDB0BFE22E9126FE57184DE","companion_visual"
"15_企业宣传/配图/05_服务流程_1600x900.png","3066741","64D275B7CF4143B37A3653F2DB5198E14B028F94679F65DED75E933E9AFD7183","companion_visual"
"15_企业宣传/配图/06_客户价值_1600x900.png","3196397","99758C1D308A4669643CB4714B13DC459A3093C72ED47F0ADD015731E589403A","companion_visual"
"15_企业宣传/配图/07_行业解决方案_1600x900.png","2917159","68E7CF0535B81E5D76DB7C8722D3E4229C0DEA3D95D00616A17F35DC294B3F6F","companion_visual"
"15_企业宣传/配图/08_可持续发展_1600x900.png","3269653","4E4EE577FD8840C51E8D0FF0D5923DDFE134FEF27CD456359E261018100FB016","companion_visual"
"15_企业宣传/配图/09_招聘雇主品牌_1600x900.png","2903298","7B66AD151394D4009C27045984AAA9D0F45FEC5B9B0D7B01C0ACF03C1B6E9A34","companion_visual"
"15_企业宣传/配图/10_年度成果_1600x900.png","2946303","C882B3A948587BCD6F3DD5B13ACC366805F181C9589E5C571B13A3B128DBEB35","companion_visual"
"15_企业宣传/企业宣传短视频配色方案_完整版_参考版式.docx","55928","3125E0632EAF8139BE638D5AA9FC9F1BE3D8CAA491C50B70BB8F41C5170C4EA9","handbook"
"16_教程演示/教程演示短视频配色方案_完整版_参考版式.docx","55107","D213FA248E15F1FCB218F14A3EE0C7E3A2F510DE9228913BEEFC5F0DF2D77A8F","handbook"
"16_教程演示/配图/01_界面清晰_1600x900.png","1512900","3958CB984C94D9F5A8831493037DC169DEECABD220D466F3914811F5E3D6EB6D","companion_visual"
"16_教程演示/配图/02_触控聚焦_1600x900.png","1645079","F1EC8758E6E0EAB14029DCDCB85C99E2D228AFB54CEE6F1EB65C748C1BC6A9C1","companion_visual"
"16_教程演示/配图/03_工具入门_1600x900.png","2027006","D8214BE7F845BD2FD6B7CFF295E71AC9873133D7A26B4F5B4587756149560346","companion_visual"
"16_教程演示/配图/04_步骤推进_1600x900.png","1726712","49923FADBDC97FA6AAB9057211586837556FAF4E62AE71D4DC1ED76BE2432240","companion_visual"
"16_教程演示/配图/05_系统导航_1600x900.png","1690833","4A07F5F9F4A499FBEAB651F48AF82B475E9AAF1AE588863F80D2B38A43866835","companion_visual"
"16_教程演示/配图/06_诊断预警_1600x900.png","1838631","C068FBF6C579986F53F52CC2E6CA10310387DDA1FE0DC9AF5868D725FE950770","companion_visual"
"16_教程演示/配图/07_对照证据_1600x900.png","2368306","6623D29C6669B86CBFE201AE494977FACDCDC34952E7A23229AAD1D3BA725713","companion_visual"
"16_教程演示/配图/08_材料手感_1600x900.png","2087559","17F5F4F6C34E651429D94AE14F30AA576317311F20994C54082C97719E05A51B","companion_visual"
"16_教程演示/配图/09_精密控制_1600x900.png","1815430","DE4B1036346D9F19BFE8DDB0C0EB09260644C1FB151EC68FE2AED9925507F059","companion_visual"
"16_教程演示/配图/10_回顾收束_1600x900.png","2162648","2910F83F9598A549E5B6429B506D302E76F7A0421615F28BF52CA6189F938550","companion_visual"
"17_访谈口播/访谈口播短视频配色方案_完整版_参考版式.docx","55862","9DE0E55017152C0FDFF6E065AD9BF2C7C8AD7C6C2151C716C2261B76FF1BB144","handbook"
"17_访谈口播/配图/01_专家访谈_1600x900.png","2676644","43DF2682BD4871A571D93DABBF0F584F22D385D3BCF9B06EDC189A31A23342EE","companion_visual"
"17_访谈口播/配图/02_创始人对谈_1600x900.png","3094135","7E9E6664E114B5A46D74F5382821EDC1FEEEC69EBE18E63AC1DF9A227CB806E8","companion_visual"
"17_访谈口播/配图/03_播客深聊_1600x900.png","3273441","6E3251FD58D0625973F3D2A52699F065D6C2DC6E14DEBBDE6E694B6182C5CB09","companion_visual"
"17_访谈口播/配图/04_人物故事_1600x900.png","2793130","69E548FD50EFCCB99A54D017A9122DA23523297163BE2A4914B7297FFA4A9076","companion_visual"
"17_访谈口播/配图/05_行业圆桌_1600x900.png","2924097","232222C7BB768B87829D873F643199F8BAF1A0AC3057E9C7ED84AD773AFDD30D","companion_visual"
"17_访谈口播/配图/06_观点辩论_1600x900.png","2686485","49BAE85CB91F3BF816B253B7B5B952D872D9FD8AEDC82B4FFC0D8E9B85942CBB","companion_visual"
"17_访谈口播/配图/07_案例复盘_1600x900.png","2909260","9B08036B3DEB319EFE8A8302DB835E4D9AC5E203031C18A2436391CCDF3B4255","companion_visual"
"17_访谈口播/配图/08_情感对话_1600x900.png","3001392","EF43C9C5AECAAF1DBAB7EF27CEBDE2EBD3343C29C794BB78A31A40FED140C072","companion_visual"
"17_访谈口播/配图/09_青年表达_1600x900.png","2832714","87B90164FEE0A1CC5B621B36E8514A0E8B6E46C9DA420BB38DA0DD67070ECA5E","companion_visual"
"17_访谈口播/配图/10_深夜长谈_1600x900.png","2400146","D3EB9E7EBAC47022CBEC96528DEBDBFDDA6CEDE990D222171AD03E59C2E2BEEC","companion_visual"
"18_新闻资讯/配图/01_突发快讯_1600x900.png","1571986","C34E36D793C4C906EAD4C48638FEDBDA5D458DED5A65C7C0A4BBF50B525880AF","companion_visual"
"18_新闻资讯/配图/02_政策解读_1600x900.png","1823624","70A76C3E6625FE8CD513E7EADD2A08B76205EAB399590929DF5AEBBAC95E37CB","companion_visual"
"18_新闻资讯/配图/03_财经资讯_1600x900.png","1713088","A4711DCA440F215696D61D118DFBCB0383AB84E05DE2300CAE74DC05BE735A4E","companion_visual"
"18_新闻资讯/配图/04_科技新闻_1600x900.png","1785697","6EFF9A0F7BF8B30C090FC78E6F8BC87161F7CF79C88C8B3613EBF765C056FD31","companion_visual"
"18_新闻资讯/配图/05_社会民生_1600x900.png","1910729","1A068AC5A41B376512204EDE60448CE8A84108FF9A9FB3DB6875295CC370DCA6","companion_visual"
"18_新闻资讯/配图/06_国际观察_1600x900.png","1671066","89D34E5D113282B39E51253996F869AB17F962F98D763A79427D537410E4EA48","companion_visual"
"18_新闻资讯/配图/07_本地资讯_1600x900.png","2454579","BFCD5AB768FA9FBB5D563B29DCE241CC3A4B46988AEDF84CCD9A57A705114FE8","companion_visual"
"18_新闻资讯/配图/08_数据新闻_1600x900.png","1534908","E707996D5851716DA25C76DA1A542396177BA2D1590FE887116CDFC1A66B230A","companion_visual"
"18_新闻资讯/配图/09_事实核查_1600x900.png","2248105","1CCB4C0EA8548B291C10CB7A9A5708E7B198EB7E68A5AF58A41ADFE24FE6DE28","companion_visual"
"18_新闻资讯/配图/10_周度综述_1600x900.png","1806693","B0C408737F2FB5AB9FC1DB3EAC9CC697F45352A904CC8A2CA5971613B52B19DE","companion_visual"
"18_新闻资讯/新闻资讯短视频配色方案_完整版_参考版式.docx","55511","73EC2C50713D3680ABCAFD03964F6112ACD18629AB54AD2BD259E9C4496293E1","handbook"
"19_游戏电竞行业/配图/01_竞技FPS_1600x900.png","2335574","C7E05BBEDF16F8619297EFF3F56F28DE73E386B6B4F089D85BD1196C1385BC53","companion_visual"
"19_游戏电竞行业/配图/02_幻想RPG_1600x900.png","3206615","298BDA292907809AA2DF4FC965D474AE3663997A7FCE61F4614C77805DA5C1EA","companion_visual"
"19_游戏电竞行业/配图/03_科幻游戏_1600x900.png","3000407","4A92FCE676A8E58AB308FA69552E91928AEFFF7864D403F5340C1F425C1E85EB","companion_visual"
"19_游戏电竞行业/配图/04_策略战术_1600x900.png","3361867","A06A55D32CE576B16C637B89B361ACAFEC4F8FDCE302BEF27FDBCBB6CBA74C66","companion_visual"
"19_游戏电竞行业/配图/05_休闲手游_1600x900.png","3738700","86F08675B6EAE5ED506F1D7786237030CDA707D532D6F5E084C2022DC19E4E21","companion_visual"
"19_游戏电竞行业/配图/06_恐怖悬疑_1600x900.png","2800506","ED2A988781BA79892340A1FF7BCF6CC80A08D9C85C4DD0A119A703F278AFD300","companion_visual"
"19_游戏电竞行业/配图/07_赛车竞速_1600x900.png","3083981","A5BDED5868206DF7192E525E0EFB2A7E55EE0E71CBEC83B62B0F9CA24153DC5E","companion_visual"
"19_游戏电竞行业/配图/08_体育游戏_1600x900.png","3117688","83711D36841084AD1F35C0473CDEB0EEBFC1D6A3F5B4F6F6CF7C5617B070A614","companion_visual"
"19_游戏电竞行业/配图/09_赛事直播_1600x900.png","2631409","6002E3335BC85288595A3956759A3095332FC2CAABDA1AF3F871EA44B7E7E6DF","companion_visual"
"19_游戏电竞行业/配图/10_游戏评测_1600x900.png","2811944","0C6D02ED777DA5B38A463BC988AC22EFFC44EF4425C7E486A6C830515A17D632","companion_visual"
"19_游戏电竞行业/游戏电竞行业短视频配色方案_完整版_参考版式.docx","59025","BD865880E67FA26964DF8F63323B5E02BE87D573B1780E866DDFBBD2530E297C","handbook"
"20_餐饮食品行业/餐饮食品行业短视频配色方案_完整版_参考版式.docx","55647","2B44FA84679036596BFB450F9BC10D924FD19F1CCB111BCC8D7B3268D9CD9A52","handbook"
"20_餐饮食品行业/配图/01_清新食材_1600x900.png","2368647","A51476BBBA5CA39FE6AE017FE1653B4C25DCCF3D37160921CC49E532E0200E5F","companion_visual"
"20_餐饮食品行业/配图/02_烘焙甜点_1600x900.png","2195821","56D5D7EBE3FA36455C3B78E72E7645DE275C7CD63B11BB021D11D19BABC2A33C","companion_visual"
"20_餐饮食品行业/配图/03_中式热菜_1600x900.png","1980610","C84582E7EBDCC1BF3C853A7094D2C7CA6BF6BE6C37F83B9E3732A23D3B3043A2","companion_visual"
"20_餐饮食品行业/配图/04_街头小吃_1600x900.png","2234888","D099C69A1C7D76FA5D896D8E1DD6D151B402799ECC8E429B023616E15378F38D","companion_visual"
"20_餐饮食品行业/配图/05_精致餐饮_1600x900.png","1599713","E3C30AA5476AB1272E03C9D87228731D5CD5D0DA101D9D13CAE3867F871813C9","companion_visual"
"20_餐饮食品行业/配图/06_健康轻食_1600x900.png","2200980","B2AA75993378E3B1F2C81E309CA6B750712730AAE33916E9B0653C42EBB541FE","companion_visual"
"20_餐饮食品行业/配图/07_地域风味_1600x900.png","2290569","C80DF66C6B6BA859037DEE7E65C6BD412A0BD1954E6930C17A53A810BEC90D77","companion_visual"
"20_餐饮食品行业/配图/08_咖啡饮品_1600x900.png","1862757","C75CEC26938128F2E8C07A6281D94C5BB8D925BB9B843FF65E3226AD46C855D3","companion_visual"
"20_餐饮食品行业/配图/09_节令限定_1600x900.png","2210039","3FA7A196605AA2CE0BAACD1C6C88FBCE833EA85D9A47C00FD45A83F4221FC832","companion_visual"
"20_餐饮食品行业/配图/10_外卖零售_1600x900.png","1759163","2323AADC6783C14792CC858D1574D7EC1E7CDE34388733429E36C225871F782F","companion_visual"
"21_美妆个护行业/美妆个护行业短视频配色方案_完整版_参考版式.docx","55537","9DD31523F455FE9313A26C74D1831969C95605EC78297F6D441B6E3F1A2A55E4","handbook"
"21_美妆个护行业/配图/01_护肤科普_1600x900.png","2026510","2EF3DA902BD19355982AB478DAA05D440FF6CCBC1DFE1A11F2D9C7D8BBE5475C","companion_visual"
"21_美妆个护行业/配图/02_彩妆色彩_1600x900.png","2191756","BC436D0E6D606306A8BE13C3DB06DF0F3D761FBAE05EA95BCCD581ADD780C869","companion_visual"
"21_美妆个护行业/配图/03_敏感肌护理_1600x900.png","2324838","03D32039C840F55F5060C168609EA33F66DB66E06EBA2874CBE39884EF20120A","companion_visual"
"21_美妆个护行业/配图/04_成分洁净_1600x900.png","2272986","4CC2501EE2A9829FBDCD8282B93E6A738AB6FE1BE8FCB88B3917C9B3D7E6979F","companion_visual"
"21_美妆个护行业/配图/05_香氛身体_1600x900.png","2260307","CA15E4BB962D4DD5AE0A486908ADAD56D21B455D133DDB8F039FA1075F49F5E5","companion_visual"
"21_美妆个护行业/配图/06_洗护发_1600x900.png","2144394","D2D89AEC0E8CFDD46B6B8BFF25EBA198678C091A2BEA3D7FD0DE553EB18CB155","companion_visual"
"21_美妆个护行业/配图/07_男士理容_1600x900.png","2234329","690CD7141F2085B0AC9FF46F3ABE018C735E6D715059804362B9142B620672E5","companion_visual"
"21_美妆个护行业/配图/08_高端美妆_1600x900.png","1838127","F004E0BAFEAF12E2974DC0F8A4BFFC2E108D7EE8D5904D010DD31E39096F766E","companion_visual"
"21_美妆个护行业/配图/09_平价日用_1600x900.png","1895053","94692AFDA63E1F9A10FE6CD0CB3A0FAA9277CF2F172634A370AE4315B23F132C","companion_visual"
"21_美妆个护行业/配图/10_季节节日_1600x900.png","1974836","F89DB7F15722B2888FA624C3B7DA40DF5E0D89FC3D5DDDE76F558C51362FE5B4","companion_visual"
"22_数码科技行业/配图/01_冷冽旗舰_1600x900.png","3008325","D183155625D1B46F9F3C91EBC625DDA111EE489909C8989BD2F6106E037F1E6C","companion_visual"
"22_数码科技行业/配图/02_移动工作站_1600x900.png","2389827","4872585C127FB833DADB7EE10803A7620DB23A68BE2714AFE33CFD8D3B232FB3","companion_visual"
"22_数码科技行业/配图/03_声学静场_1600x900.png","3053496","927131C0B4178CC1015AADCF5A20E9FEC8C80816A195954F2DA5887A371B52D5","companion_visual"
"22_数码科技行业/配图/04_环境联动_1600x900.png","2958130","7F5B5C1D16CB82696ACB40029DC8B8DC0159A6D9C139794F499C40354A3A7CFF","companion_visual"
"22_数码科技行业/配图/05_精准佩戴_1600x900.png","2892245","882CAB2D442CEEB95407ED726CEBEDD22ED9EFFE8887D7321BF1C6A67D40B545","companion_visual"
"22_数码科技行业/配图/06_本地智能_1600x900.png","2484904","E6F6E53DCE2877E6635B03C49B031174959D0133082808D483E839C80193E114","companion_visual"
"22_数码科技行业/配图/07_竞技响应_1600x900.png","2628484","C61282569AE8EF2D590C9AA376C467C63E0B567FFAB363B59446CA317BEEDC70","companion_visual"
"22_数码科技行业/配图/08_光学工坊_1600x900.png","2633871","B868696352D25A2249720DEC73A7D33F8D4A4BE1AFECE80DC39FD235716C2B3D","companion_visual"
"22_数码科技行业/配图/09_桌面效率_1600x900.png","2400088","5AB1B4092C6396F389200C511C5705DF54BD77E5DA5D578E5C525D5653732562","companion_visual"
"22_数码科技行业/配图/10_未来原型_1600x900.png","2533144","0FBEE1EC8F36160722DB880CE20FDE6D0345D2B92A6C21508071B373169C512D","companion_visual"
"22_数码科技行业/数码科技行业短视频配色方案_完整版_参考版式.docx","55805","1BCCD84C37959EDADA69F79A08C629CB0579AFA572A609B7EFCD7C113B0C9EF4","handbook"
